,read_id,alignment_score,is_reversed,position,transcript
0,SRR316957.176167,128,False,3154,MMMMMMMMMMMMMMMMMMMMMMMMMMMMMMMMMMMMMMMMMMMMMMMMMMMMMMMMMMMMMMMMMMDD
1,SRR316957.625801,128,False,3133,MMMMMMMMMMMMMMMMMMMMMMMMMMMMMMMMMMMMMMMMMMMMMMMMMMMMMMMMMMMMMMMMMMDD
2,SRR316957.779516,128,False,3122,MMMMMMMMMMMMMMMMMMMMMMMMMMMMMMMMMMMMMMMMMMMMMMMMMMMMMMMMMMMMMMMMMMDD
3,SRR316957.2010972,128,True,3154,MMMMMMMMMMMMMMMMMMMMMMMMMMMMMMMMMMMMMMMMMMMMMMMMMMMMMMMMMMMMMMMMMMDD
4,SRR316957.2039536,128,True,8240,MMMMMMMMMMMMMMMMMMMMMMMMMMMMMMMMMMMMMMMMMMMMMMMMMMMMMMMMMMMMMMMMMDMD
5,SRR316957.2431338,128,True,3152,MMMMMMMMMMMMMMMMMMMMMMMMMMMMMMMMMMMMMMMMMMMMMMMMMMMMMMMMMMMMMMMDDMMM
6,SRR316957.3207019,128,False,3119,MMMMMMMMMMMMMMMMMMMMMMMMMMMMMMMMMMMMMMMMMMMMMMMMMMMMMMMMMMMMMMMMDMMD
7,SRR316957.4367594,128,False,5848,MMMMMMMMMMMMMMMMMMMMMMMMMMMMMMMMMMMMMMMMMMMMMMMMMMMMMMMMMMMMMMMMMDMD
8,SRR316957.13555,122,False,8215,MMMMMMMMMMMMIDMMMMMMMMMMMMMMMMMMMMMMMMMMMMMMMMMMMMMMMMMMMMMMMMMMMMMDD
9,SRR316957.440650,122,True,6035,MMMMMMMMMMMMMMMMMMMMMMMMMMMMMMMMMMMMMMMMMMMMMMMMMMMMMMMMMMMMMMMMMIDDD
10,SRR316957.958299,122,False,8199,MMMMMMMMMMMMMMMMMMMMMMMMMMMMIDMMMMMMMMMMMMMMMMMMMMMMMMMMMMMMMMMMMMMDD
11,SRR316957.1063205,122,True,3222,MMMMMMMMMMMMMMMMDDMDMMMMMMMMMMMMMMMMMMMMMMMMMMMMMMMMMMMMMMMMMMMMMMMIM
12,SRR316957.1731875,122,False,8217,MMMMMMMMMMMMMMMMMMMMMMMMMMMMMMMMMMMMMMMMMMMMIDMMMMMMMMMMMMMMMMMMMMMDD
13,SRR316957.1891157,122,True,3240,MMMMMMMMMMMMMMIDMMMMMMMMMMMMMMMMMMMMMMMMMMMMMMMMMMMMMMMMMMMMMMMMMMMDD
14,SRR316957.2056902,122,False,3082,MMMMMMMMIMMMDMMMMMMMMMMDMMMMMMMMMMMMMMMMMMMMMMMMMMMMMMMMMMMMMMMMMMMMD
15,SRR316957.2738801,122,False,8206,MMMMMMMMMMMMMMMMMMMMMIDMMMMMMMMMMMMMMMMMMMMMMMMMMMMMMMMMMMMMMMMMMMDDM
16,SRR316957.2818588,122,False,3121,MMMMMMMMMMMMMMMMMMMMMMMMMIDMMMMMMMMMMMMMMMMMMMMMMMMMMMMMMMMMMMMMMMDMD
17,SRR316957.2830483,122,True,3258,MMMMMMMMIDMMMMMMMMMMMMMMMMMMMMMMMMMMMMMMMMMMMMMMMMMMMMMMMMMMMMMMMMDDM
18,SRR316957.4195511,122,True,6001,MMMMMMMMMMMMMMMMIDMMMMMMMMMMMMMMMMMMMMMMMMMMMMMMMMMMMMMMMMMMMMMMMMMDD
19,SRR316957.4294041,122,False,3078,MMMMMMMMMMMMIMMMDMMMMMMMMMMDMMMMMMMMMMMMMMMMMMMMMMMMMMMMMMMMMMMMMMMMD
20,SRR316957.4827280,122,True,3221,MMMMMMMMMMMMMMMMMDDMDMMMMMMMMMMMMMMMMMMMMMMMMMMMMMMMMMMMMMMMMMMMMMMMI
21,SRR316957.778303,116,True,3233,MMMMMDDMDMMMMMMMMMMMMMMMMMMMMMMMMMMMMMIDMMMMMMMMMMMMMMMMMMMMMMMMMMMMMI
22,SRR316957.905320,116,True,8198,MMMMMMMMMMMMMMMMMMMMMMMMMMMMIDMMMMMMMMMMMMMMMMMMMMMMMMMMMMMMMMMMIDMMDD
23,SRR316957.995227,116,False,3078,MMMMMMMMMMMMMMMMMMMMMMMMMMMMMMMMMMMMMMMMMMMMMMMMMMIMDMMMMMMMIDMMMMDMMD
24,SRR316957.1707040,116,True,5975,MMMMMMMMMMIMMDMMMMMMMMMMMMMMMMMMMMMMMMMMMMMIDMMMMMMMMMMMMMMMMMMMMMMDDM
25,SRR316957.1909859,116,False,3103,MMMMMMMMMMMMMMMMMMMMMMMMMIMDMMMMMMMMMMMMMMMMMMIMDMMMMMMMMMMMMMMMMMMMDD
26,SRR316957.2461827,116,False,8209,MMMMMMIMDMMMMMMMMMMMMMMMMMMMMMMMMMMMMMMMMMMMMMMMMMMMMIDMMMMMMMMMMMMMDD
27,SRR316957.3582369,116,False,3153,MMMMMMMMMMMMMMMMMMMMMMMMMMMMMMMMMMMMMMMMMMMMMMMIDMMMMMMMMMMMMMIDDMMMMD
28,SRR316957.4430898,116,True,3231,MMMMMMMMMMMIMMDMMMMMMMIMDMMMMMMMMMMMMMMMMMMMMMMMMMMMMMMMMMMMMMMMMMMMDD
29,SRR316957.4743546,116,False,5808,MMMMMMMMMMMMMMMMMMMMIDMMMMMMMMMMMMMMMMMMMMMMMMMMMMMMMMMMMMIMDMMMMMMDDM
30,SRR316957.92287,110,True,3239,MMMIMMDMMMMMMMIMDMMMMMMMMMMMMIDMMMMMMMMMMMMMMMMMMMMMMMMMMMMMMMMMMMMMMDD
31,SRR316957.1016179,110,True,3342,MMMMIMDMMMMMMMMMMMMIDMMMMMMMMMMDMMMMMMMMMMMMMMMMMMMMMMIDMMMMMMMMMMMMMMD
32,SRR316957.1577072,110,True,3344,MMIMDMMMMMMMMMMMMIDMMMMMMMMMMDMMMMMMMMMMMMMMMMMMMMMMIDMMMMMMMMMMMMMMMMD
33,SRR316957.3313366,110,True,3393,IIDDMMMMMMMMMMMMMMMMMMMMMMMMMMMMMMMMMMMMMMMMMMMMMMMMMMMMIDMMMMMMMMMDMDM
34,SRR316957.2216620,-4,False,3131,IDDMDMMDMMIMIMDMMMMIIMDMMMDMMMMMIIMMMMIDDMDMDDDMMMIDDDMIIIIMIIIIMMMMIIMIIDMMDMMMDMDMIDDDMD
35,SRR316957.3552224,-4,False,2774,MDMIDDDDDMMIIMDDDMDDDMDMIMIMDMMDDMMMIMIMIMDMMMMIIMIMMIMIMMIIMIMMMIIMMMDMMIMDMMIDMMDDMIIDDM
36,SRR316957.779516,-10,True,9431,MIIDMDDMMMDMMIMMIMMIIMDMMMIIIIMIMMDMMMMIIMMIIMMIIIDDMMMMDDDDMMIMMDMIMIMMMMIIMDDDDDDDDDDDMDM
37,SRR316957.2725703,-10,True,2552,IIIIIMMMDMMMDDMIDMDMMDDMMDDMMMMIDDDDMDMMIIDMMDMDDMMIIMIDMMIDMMDDMMIDMDDMMIIMMMMMIIMIMIMMIII
38,SRR316957.4707951,-16,False,6308,DDDMMMIDMIMMIMMMMIDMMIMDMIMMDMDMMIIIIMIIIIIMIIIIMDMMMMMMIIMDMDMIMDMDDMIDMIMMMMMDDDDDDMDMDDDD
39,SRR316957.349515,-22,True,3583,IDMIDDDMIIIMDDMMIDMMDMIMMIDDDMMDMMMDDMIDDDMMMDMMMMIMIDDDMMIMDMDMIMIMIMMIIIMIIMMIIMIIDDMMIMDMD
40,SRR316957.2030255,-22,True,3511,IDMIIIIIIMIDDDMDMMMMDMMDMIIMIMMMMIIMIIMMIMMDMDMMIMIMDMMDDDMDDDDDDMIDMMMDMIMDDMDMMDDMIMIMIIIMD
41,SRR316957.2818588,-22,True,9432,IIDMDDMMMDMMIMMIMMIIMDMMMIIIIMIMMDMMIMIIDMMIIMMIIIDDMMMMDDDDMMIMMDMIMIMMMMIIIMDDDDDDDDDDDMDMD
42,SRR316957.4332968,-22,False,537,DMIIMIIMMIDDDDDDDMMDDMDMIIDDMDMMDMIIDMMIMDDMMMIIIIIDMIMMMIMIMIIIMIMMMMMDDMMMIIDMIMMDMMDDMMDMD
43,SRR316957.4455349,-22,True,537,DMIIMIIMMIIDDDDDDDMMIMDMDDDDMDMMDMIIDMMIMDDMMMDMIIIIMIIMMIMIMIIIMIMMMMMDDMMMIIDMIMMDMMDDMMDMD
44,SRR316957.322453,-28,True,3268,IIIIMIMMIIMIMIMMMMIIMMIDMDDDMMMMMIIIIIMMMIMDDMMDDDMMMDDMDDDMMMMIDDDDMMIDDDMMDMDDDDDDMIMIMIMIII
45,SRR316957.1228751,-28,True,941,IDMMDDDMMIDDDMDMMDMDMMIIIDDDMMMDDDMMIIMDMMMIIIMIDMIMDDMDMMMMIIDMMMMIIIIIDMMIIIMIMMMMMIIDDMIDDD
46,SRR316957.2286178,-28,False,893,IIMIIIIDDDDMIMIMMIMIIMMMMDDMMIIMDDDDMMMMIIIIIIIMIIMMMIIMMIDMMMDMDDMMIMMMMDDMMDDDDDDDDDDMMDMMMD
47,SRR316957.2847322,-28,False,5598,IMIMMIMIIMDMDDDMMIMDDDMMDMIMIIMMIMDMIDMIMDMIIDDMDDMMMMDMIIDDMMMIIDMMDMMIDDDMIIIMIIIMMDMMIDDDMD
48,SRR316957.4912264,-28,True,2330,DDDDDDDMDMMMMIIIIDMMMMDMDMDDDMIMDMDDMDDDMDMMMMIIIMMMMIMIMIIIIIIIMMIMIIIMIIMIMMDDMMIMMIDMMDDMDD
49,SRR316957.108737,-34,True,6648,DDDMIDDDMDDDDDDMDMDDDMMMDDMMDMMIIMDMMMDMIMIMDDDMMMMIIMIDMIMIIIDMMIMMIMIIIDMIMIMIIIMIMMDMIIMIIDM
50,SRR316957.1960925,-34,False,9370,IMIMMIIDMDMDMIDMDDMDDMMIIMMIIIIIMMMIIIIMMMMDDDMMIMIIMDDMMMMMDDMMIIMDMIMIIMMIDDDDDDMMIIDDDMDDMDD
51,SRR316957.2195112,-34,True,7337,IIIDMMMMIMIIIIMIIMIMIIIMDMDMMMDDMIMIDMDMDMDMDMDMMIDMMMMIIIMMMIDMMIIIDMMDDMIDDMDMIDDMDDDMIMDDDDD
52,SRR316957.4218571,-34,True,3536,IIMIMIIMMDDDMMMIMMMIIDDDDDDDDDMMIDDMIIMIMIMMIMMMIIIMIIMMIMIMIDMMDMIIDDMMMDDDMDDDMMMMIIDMDDMIDDM
53,SRR316957.4432188,-34,True,3512,IIIIIIIMIMMMMMIIIDDDDDMMIIMIMIMMMIDMDMDMIMMDMDMMIMIMIIIIMIIMMDDMMDDDDDDMDMDMDMDMIMMIMMDDDDDMMDD
54,SRR316957.10370,-40,False,6090,MMMIIDMMIIIIIIIIIMDDMMMIIIIIMIMMIIMIDDDMMMDMDMMDDDDMMMMDMDMDMDDDDDMIDMDMIIMIMDMMIIIDMMIDDMMDDMDD
55,SRR316957.4062584,-46,False,1662,IIIIMIIIIIIMIIDDMMMMIIIIIDMDMMMIMMDMIMDMMIMDMDDMMDMMIIIDDDDDMIMDMDDDMMMMIIMMIIDDMMIMDDDDDDDMMDDDM
